Workbook

Sheet 参考指标
A1: 参考指标影响系数 | B1: 指标ID | C1: 指标名称 | D1: 指标类别 | E1: 是否启用 | F1: 判断方向 | G1: 建议阈值 | H1: 指标说明 | I1: 对应脚本 | J1: 修改备注
A2: 7 | B2: M001 | C2: 问题清晰度 | D2: 查询意图 | E2: 是 | F2: 越高越好 | G2: 60 | H2: 从查询意图角度评估问题清晰度；运行时按 Excel 第一列影响系数参与加权。 | I2: scripts/operators/query_intent/m001_query_clarity.py
A3: 7.25 | B3: M002 | C3: 查询长度适宜度 | D3: 查询意图 | E3: 是 | F3: 越高越好 | G3: 60 | H3: 从查询意图角度评估查询长度适宜度；运行时按 Excel 第一列影响系数参与加权。 | I3: scripts/operators/query_intent/m002_query_length.py
A4: 7.5 | B4: M003 | C4: 任务动词明确度 | D4: 查询意图 | E4: 是 | F4: 越高越好 | G4: 60 | H4: 从查询意图角度评估任务动词明确度；运行时按 Excel 第一列影响系数参与加权。 | I4: scripts/operators/query_intent/m003_query_action.py
A5: 7 | B5: M004 | C5: 检索范围完整度 | D5: 查询意图 | E5: 是 | F5: 越高越好 | G5: 60 | H5: 从查询意图角度评估检索范围完整度；运行时按 Excel 第一列影响系数参与加权。 | I5: scripts/operators/query_intent/m004_query_scope.py
A6: 7.25 | B6: M005 | C6: 时间范围明确度 | D6: 查询意图 | E6: 是 | F6: 越高越好 | G6: 60 | H6: 从查询意图角度评估时间范围明确度；运行时按 Excel 第一列影响系数参与加权。 | I6: scripts/operators/query_intent/m005_query_time.py
A7: 7.5 | B7: M006 | C7: 地域范围明确度 | D7: 查询意图 | E7: 是 | F7: 越高越好 | G7: 60 | H7: 从查询意图角度评估地域范围明确度；运行时按 Excel 第一列影响系数参与加权。 | I7: scripts/operators/query_intent/m006_query_location.py
A8: 7 | B8: M007 | C8: 比较对象完整度 | D8: 查询意图 | E8: 是 | F8: 越高越好 | G8: 60 | H8: 从查询意图角度评估比较对象完整度；运行时按 Excel 第一列影响系数参与加权。 | I8: scripts/operators/query_intent/m007_query_compare.py
A9: 7.25 | B9: M008 | C9: 输出格式明确度 | D9: 查询意图 | E9: 是 | F9: 越高越好 | G9: 60 | H9: 从查询意图角度评估输出格式明确度；运行时按 Excel 第一列影响系数参与加权。 | I9: scripts/operators/query_intent/m008_query_output.py
A10: 7.5 | B10: M009 | C10: 风险敏感度 | D10: 查询意图 | E10: 是 | F10: 越高越好 | G10: 60 | H10: 从查询意图角度评估风险敏感度；运行时按 Excel 第一列影响系数参与加权。 | I10: scripts/operators/query_intent/m009_query_risk.py
A11: 7 | B11: M010 | C11: 实体信息密度 | D11: 查询意图 | E11: 是 | F11: 越高越好 | G11: 60 | H11: 从查询意图角度评估实体信息密度；运行时按 Excel 第一列影响系数参与加权。 | I11: scripts/operators/query_intent/m010_query_entity_density.py
A12: 7.25 | B12: M011 | C12: 数值条件完整度 | D12: 查询意图 | E12: 是 | F12: 越高越好 | G12: 60 | H12: 从查询意图角度评估数值条件完整度；运行时按 Excel 第一列影响系数参与加权。 | I12: scripts/operators/query_intent/m011_query_numeric.py
A13: 7.5 | B13: M012 | C13: 否定约束识别度 | D13: 查询意图 | E13: 是 | F13: 越高越好 | G13: 60 | H13: 从查询意图角度评估否定约束识别度；运行时按 Excel 第一列影响系数参与加权。 | I13: scripts/operators/query_intent/m012_query_negative.py
... A217: 10 | B217: M216 | C217: 运行时效率 | D217: 质量与安全 | E217: 是 | F217: 越低越好 | G217: 60 | H217: 从质量与安全角度评估运行时效率；运行时按 Excel 第一列影响系数参与加权。 | I217: scripts/operators/quality_safety/m216_runtime_ms.py

Sheet 使用说明
A1: 参考指标配置使用说明
A3: 核心规则 | B3: 程序每一次运行都会重新读取“参考指标”工作表 A 列影响系数，不缓存、不使用代码回退值。
A4: A 列 | B4: 参考指标影响系数，只允许 0-10。数值越大，该指标对综合质量分的影响越大。
A5: E 列 | B5: 是否启用。填写“否”后，该项不参与加权分子和分母。
A6: G 列 | B6: 建议阈值，用于定位低分项；不会代替 A 列的加权作用。
A7: B 列 | B7: 指标 ID 与 Python 算子一一对应，请勿修改、删除或重复。
A8: 保存后 | B8: 运行 python scripts/entrypoints/validate_config.py 检查系数范围、指标数量和脚本映射。
A9: 设计规模 | B9: 216 项指标，12 个类别，每项对应 scripts/operators 下一个独立 Python 文件。
A10: 安全提示 | B10: 不要在备注中写入密码、令牌、身份证号等敏感信息。

Sheet 类别概览
A1: 12 类参考指标概览
A3: 指标类别 | B3: 指标数量 | C3: 启用数量 | D3: 平均影响系数 | E3: 最高影响系数
A4: 查询意图 | B4: =COUNTIF(参考指标!$D$2:$D$217,A4) -> 18 | C4: =COUNTIFS(参考指标!$D$2:$D$217,A4,参考指标!$E$2:$E$217,"是") -> 18 | D4: =AVERAGEIF(参考指标!$D$2:$D$217,A4,参考指标!$A$2:$A$217) -> 7.25 | E4: =_xlfn.MAXIFS(参考指标!$A$2:$A$217,参考指标!$D$2:$D$217,A4) -> 7.5
A5: 查询扩展 | B5: =COUNTIF(参考指标!$D$2:$D$217,A5) -> 18 | C5: =COUNTIFS(参考指标!$D$2:$D$217,A5,参考指标!$E$2:$E$217,"是") -> 18 | D5: =AVERAGEIF(参考指标!$D$2:$D$217,A5,参考指标!$A$2:$A$217) -> 6.25 | E5: =_xlfn.MAXIFS(参考指标!$A$2:$A$217,参考指标!$D$2:$D$217,A5) -> 6.5
A6: 来源接入 | B6: =COUNTIF(参考指标!$D$2:$D$217,A6) -> 18 | C6: =COUNTIFS(参考指标!$D$2:$D$217,A6,参考指标!$E$2:$E$217,"是") -> 18 | D6: =AVERAGEIF(参考指标!$D$2:$D$217,A6,参考指标!$A$2:$A$217) -> 8.25 | E6: =_xlfn.MAXIFS(参考指标!$A$2:$A$217,参考指标!$D$2:$D$217,A6) -> 8.5
A7: 内容规范化 | B7: =COUNTIF(参考指标!$D$2:$D$217,A7) -> 18 | C7: =COUNTIFS(参考指标!$D$2:$D$217,A7,参考指标!$E$2:$E$217,"是") -> 18 | D7: =AVERAGEIF(参考指标!$D$2:$D$217,A7,参考指标!$A$2:$A$217) -> 6.75 | E7: =_xlfn.MAXIFS(参考指标!$A$2:$A$217,参考指标!$D$2:$D$217,A7) -> 7
A8: 语义检索 | B8: =COUNTIF(参考指标!$D$2:$D$217,A8) -> 18 | C8: =COUNTIFS(参考指标!$D$2:$D$217,A8,参考指标!$E$2:$E$217,"是") -> 18 | D8: =AVERAGEIF(参考指标!$D$2:$D$217,A8,参考指标!$A$2:$A$217) -> 9.25 | E8: =_xlfn.MAXIFS(参考指标!$A$2:$A$217,参考指标!$D$2:$D$217,A8) -> 9.5
A9: 智能重排 | B9: =COUNTIF(参考指标!$D$2:$D$217,A9) -> 18 | C9: =COUNTIFS(参考指标!$D$2:$D$217,A9,参考指标!$E$2:$E$217,"是") -> 18 | D9: =AVERAGEIF(参考指标!$D$2:$D$217,A9,参考指标!$A$2:$A$217) -> 8.25 | E9: =_xlfn.MAXIFS(参考指标!$A$2:$A$217,参考指标!$D$2:$D$217,A9) -> 8.5
A10: 信息抽取 | B10: =COUNTIF(参考指标!$D$2:$D$217,A10) -> 18 | C10: =COUNTIFS(参考指标!$D$2:$D$217,A10,参考指标!$E$2:$E$217,"是") -> 18 | D10: =AVERAGEIF(参考指标!$D$2:$D$217,A10,参考指标!$A$2:$A$217) -> 8.75 | E10: =_xlfn.MAXIFS(参考指标!$A$2:$A$217,参考指标!$D$2:$D$217,A10) -> 9
A11: 信息去重 | B11: =COUNTIF(参考指标!$D$2:$D$217,A11) -> 18 | C11: =COUNTIFS(参考指标!$D$2:$D$217,A11,参考指标!$E$2:$E$217,"是") -> 18 | D11: =AVERAGEIF(参考指标!$D$2:$D$217,A11,参考指标!$A$2:$A$217) -> 7.25 | E11: =_xlfn.MAXIFS(参考指标!$A$2:$A$217,参考指标!$D$2:$D$217,A11) -> 7.5
A12: 矛盾消解 | B12: =COUNTIF(参考指标!$D$2:$D$217,A12) -> 18 | C12: =COUNTIFS(参考指标!$D$2:$D$217,A12,参考指标!$E$2:$E$217,"是") -> 18 | D12: =AVERAGEIF(参考指标!$D$2:$D$217,A12,参考指标!$A$2:$A$217) -> 9.25 | E12: =_xlfn.MAXIFS(参考指标!$A$2:$A$217,参考指标!$D$2:$D$217,A12) -> 9.5
A13: 多源融合 | B13: =COUNTIF(参考指标!$D$2:$D$217,A13) -> 18 | C13: =COUNTIFS(参考指标!$D$2:$D$217,A13,参考指标!$E$2:$E$217,"是") -> 18 | D13: =AVERAGEIF(参考指标!$D$2:$D$217,A13,参考指标!$A$2:$A$217) -> 9.25 | E13: =_xlfn.MAXIFS(参考指标!$A$2:$A$217,参考指标!$D$2:$D$217,A13) -> 9.5
A14: 溯源引用 | B14: =COUNTIF(参考指标!$D$2:$D$217,A14) -> 18 | C14: =COUNTIFS(参考指标!$D$2:$D$217,A14,参考指标!$E$2:$E$217,"是") -> 18 | D14: =AVERAGEIF(参考指标!$D$2:$D$217,A14,参考指标!$A$2:$A$217) -> 9.75 | E14: =_xlfn.MAXIFS(参考指标!$A$2:$A$217,参考指标!$D$2:$D$217,A14) -> 10
A15: 质量与安全 | B15: =COUNTIF(参考指标!$D$2:$D$217,A15) -> 18 | C15: =COUNTIFS(参考指标!$D$2:$D$217,A15,参考指标!$E$2:$E$217,"是") -> 18 | D15: =AVERAGEIF(参考指标!$D$2:$D$217,A15,参考指标!$A$2:$A$217) -> 9.75 | E15: =_xlfn.MAXIFS(参考指标!$A$2:$A$217,参考指标!$D$2:$D$217,A15) -> 10
